Category,Count,Percentage (%)
Total events,127060,100.0
Background events,80843,63.625846056980954
Mainshocks,227,0.17865575318747048
Aftershocks,45990,36.195498189831575
Aftershock clusters,227,
